XK;P;US;www.amazon.com
XK;D;US;www.amazon.com
AN;P;US;www.amazon.com
AN;D;US;www.amazon.com
LA;P;US;www.amazon.com
LA;D;US;www.amazon.com
LY;P;US;www.amazon.com
LY;D;US;www.amazon.com
RU;P;GB;www.amazon.co.uk
RU;D;GB;www.amazon.co.uk
BN;P;US;www.amazon.com
BN;D;US;www.amazon.com
IR;P;GB;www.amazon.co.uk
IR;D;GB;www.amazon.co.uk
MD;P;US;www.amazon.com
MD;D;US;www.amazon.com
FM;P;US;www.amazon.com
FM;D;US;www.amazon.com
TZ;P;US;www.amazon.com
TZ;D;US;www.amazon.com
SY;P;US;www.amazon.com
SY;D;US;www.amazon.com
MO;P;US;www.amazon.com
MO;D;US;www.amazon.com
RE;P;FR;www.amazon.fr
RE;D;FR;www.amazon.fr
A1;P;US;www.amazon.com
A1;D;US;www.amazon.com
A2;P;US;www.amazon.com
A2;D;US;www.amazon.com
O1;P;US;www.amazon.com
O1;D;US;www.amazon.com
AD;P;FR;www.amazon.fr
AD;D;FR;www.amazon.fr
AE;P;US;www.amazon.com
AE;D;US;www.amazon.com
AF;P;US;www.amazon.com
AF;D;US;www.amazon.com
AG;P;US;www.amazon.com
AG;D;US;www.amazon.com
AI;P;US;www.amazon.com
AI;D;US;www.amazon.com
AL;P;US;www.amazon.com
AL;D;US;www.amazon.com
AM;P;US;www.amazon.com
AM;D;US;www.amazon.com
AO;P;US;www.amazon.com
AO;D;US;www.amazon.com
AP;P;US;www.amazon.com
AP;D;US;www.amazon.com
AQ;P;US;www.amazon.com
AQ;D;US;www.amazon.com
AR;P;US;www.amazon.com
AR;D;US;www.amazon.com
AS;P;US;www.amazon.com
AS;D;US;www.amazon.com
AT;P;DE;www.amazon.de
AT;D;DE;www.amazon.de
AU;P;US;www.amazon.com
AU;D;AU;www.amazon.com.au
AW;P;US;www.amazon.com
AW;D;US;www.amazon.com
AX;P;US;www.amazon.com
AX;D;US;www.amazon.com
AZ;P;US;www.amazon.com
AZ;D;US;www.amazon.com
BA;P;US;www.amazon.com
BA;D;US;www.amazon.com
BB;P;US;www.amazon.com
BB;D;US;www.amazon.com
BD;P;US;www.amazon.com
BD;D;US;www.amazon.com
BE;P;FR;www.amazon.fr
BE;D;FR;www.amazon.fr
BF;P;US;www.amazon.com
BF;D;US;www.amazon.com
BG;P;IT;www.amazon.it
BG;D;IT;www.amazon.it
BH;P;US;www.amazon.com
BH;D;US;www.amazon.com
BI;P;US;www.amazon.com
BI;D;US;www.amazon.com
BJ;P;US;www.amazon.com
BJ;D;US;www.amazon.com
BL;P;US;www.amazon.com
BL;D;US;www.amazon.com
BM;P;US;www.amazon.com
BM;D;US;www.amazon.com
BN;P;US;www.amazon.com
BN;D;US;www.amazon.com
BO;P;US;www.amazon.com
BO;D;US;www.amazon.com
BQ;P;US;www.amazon.com
BQ;D;US;www.amazon.com
BR;P;BR;www.amazon.com.br
BR;D;BR;www.amazon.com.br
BS;P;US;www.amazon.com
BS;D;US;www.amazon.com
BT;P;US;www.amazon.com
BT;D;US;www.amazon.com
BV;P;US;www.amazon.com
BV;D;US;www.amazon.com
BW;P;US;www.amazon.com
BW;D;US;www.amazon.com
BY;P;US;www.amazon.com
BY;D;US;www.amazon.com
BZ;P;US;www.amazon.com
BZ;D;US;www.amazon.com
CA;P;CA;www.amazon.ca
CA;D;CA;www.amazon.ca
CC;P;US;www.amazon.com
CC;D;US;www.amazon.com
CC;P;US;www.amazon.com
CC;D;US;www.amazon.com
CD;P;US;www.amazon.com
CD;D;US;www.amazon.com
CD;P;US;www.amazon.com
CD;D;US;www.amazon.com
CD;P;US;www.amazon.com
CD;D;US;www.amazon.com
CF;P;US;www.amazon.com
CF;D;US;www.amazon.com
CG;P;US;www.amazon.com
CG;D;US;www.amazon.com
CH;P;DE;www.amazon.de
CH;D;DE;www.amazon.de
CI;P;US;www.amazon.com
CI;D;US;www.amazon.com
CI;P;US;www.amazon.com
CI;D;US;www.amazon.com
CK;P;US;www.amazon.com
CK;D;US;www.amazon.com
CL;P;US;www.amazon.com
CL;D;US;www.amazon.com
CM;P;US;www.amazon.com
CM;D;US;www.amazon.com
CN;P;CN;www.amazon.cn
CN;D;CN;www.amazon.cn
CO;P;US;www.amazon.com
CO;D;US;www.amazon.com
CR;P;US;www.amazon.com
CR;D;US;www.amazon.com
CU;P;US;www.amazon.com
CU;D;US;www.amazon.com
CV;P;US;www.amazon.com
CV;D;US;www.amazon.com
CW;P;US;www.amazon.com
CW;D;US;www.amazon.com
CX;P;US;www.amazon.com
CX;D;US;www.amazon.com
CY;P;GB;www.amazon.co.uk
CY;D;GB;www.amazon.co.uk
CZ;P;GB;www.amazon.co.uk
CZ;D;GB;www.amazon.co.uk
DE;P;DE;www.amazon.de
DE;D;DE;www.amazon.de
DJ;P;US;www.amazon.com
DJ;D;US;www.amazon.com
DK;P;GB;www.amazon.co.uk
DK;D;GB;www.amazon.co.uk
DM;P;US;www.amazon.com
DM;D;US;www.amazon.com
DO;P;US;www.amazon.com
DO;D;US;www.amazon.com
DZ;P;US;www.amazon.com
DZ;D;US;www.amazon.com
EC;P;US;www.amazon.com
EC;D;US;www.amazon.com
EE;P;GB;www.amazon.co.uk
EE;D;GB;www.amazon.co.uk
EG;P;US;www.amazon.com
EG;D;US;www.amazon.com
EH;P;US;www.amazon.com
EH;D;US;www.amazon.com
ER;P;US;www.amazon.com
ER;D;US;www.amazon.com
ES;P;ES;www.amazon.es
ES;D;ES;www.amazon.es
ET;P;US;www.amazon.com
ET;D;US;www.amazon.com
EU;P;UK;www.amazon.co.uk
EU;D;UK;www.amazon.co.uk
FI;P;GB;www.amazon.co.uk
FI;D;GB;www.amazon.co.uk
FJ;P;US;www.amazon.com
FJ;D;US;www.amazon.com
FK;P;US;www.amazon.com
FK;D;US;www.amazon.com
FK;P;US;www.amazon.com
FK;D;US;www.amazon.com
FM;P;US;www.amazon.com
FM;D;US;www.amazon.com
FO;P;US;www.amazon.com
FO;D;US;www.amazon.com
FR;P;FR;www.amazon.fr
FR;D;FR;www.amazon.fr
GA;P;US;www.amazon.com
GA;D;US;www.amazon.com
GB;P;GB;www.amazon.co.uk
GB;D;GB;www.amazon.co.uk
GD;P;US;www.amazon.com
GD;D;US;www.amazon.com
GE;P;US;www.amazon.com
GE;D;US;www.amazon.com
GF;P;US;www.amazon.com
GF;D;US;www.amazon.com
GG;P;US;www.amazon.com
GG;D;US;www.amazon.com
GH;P;US;www.amazon.com
GH;D;US;www.amazon.com
GI;P;US;www.amazon.com
GI;D;US;www.amazon.com
GL;P;US;www.amazon.com
GL;D;US;www.amazon.com
GM;P;US;www.amazon.com
GM;D;US;www.amazon.com
GN;P;US;www.amazon.com
GN;D;US;www.amazon.com
GP;P;US;www.amazon.com
GP;D;US;www.amazon.com
GQ;P;US;www.amazon.com
GQ;D;US;www.amazon.com
GR;P;GB;www.amazon.co.uk
GR;D;GB;www.amazon.co.uk
GS;P;US;www.amazon.com
GS;D;US;www.amazon.com
GT;P;US;www.amazon.com
GT;D;US;www.amazon.com
GU;P;US;www.amazon.com
GU;D;US;www.amazon.com
GW;P;US;www.amazon.com
GW;D;US;www.amazon.com
GY;P;US;www.amazon.com
GY;D;US;www.amazon.com
HK;P;US;www.amazon.com
HK;D;US;www.amazon.com
HM;P;US;www.amazon.com
HM;D;US;www.amazon.com
HN;P;US;www.amazon.com
HN;D;US;www.amazon.com
HR;P;GB;www.amazon.co.uk
HR;D;GB;www.amazon.co.uk
HT;P;US;www.amazon.com
HT;D;US;www.amazon.com
HU;P;GB;www.amazon.co.uk
HU;D;GB;www.amazon.co.uk
ID;P;US;www.amazon.com
ID;D;US;www.amazon.com
IE;P;GB;www.amazon.co.uk
IE;D;GB;www.amazon.co.uk
IL;P;US;www.amazon.com
IL;D;US;www.amazon.com
IM;P;US;www.amazon.com
IM;D;US;www.amazon.com
IN;P;IN;www.amazon.in
IN;D;IN;www.amazon.in
IO;P;US;www.amazon.com
IO;D;US;www.amazon.com
IQ;P;US;www.amazon.com
IQ;D;US;www.amazon.com
IR;P;GB;www.amazon.co.uk
IR;D;GB;www.amazon.co.uk
IS;P;US;www.amazon.com
IS;D;US;www.amazon.com
IT;P;IT;www.amazon.it
IT;D;IT;www.amazon.it
JE;P;US;www.amazon.com
JE;D;US;www.amazon.com
JM;P;US;www.amazon.com
JM;D;US;www.amazon.com
JO;P;US;www.amazon.com
JO;D;US;www.amazon.com
JP;P;JP;www.amazon.co.jp
JP;D;JP;www.amazon.co.jp
KE;P;US;www.amazon.com
KE;D;US;www.amazon.com
KG;P;US;www.amazon.com
KG;D;US;www.amazon.com
KH;P;US;www.amazon.com
KH;D;US;www.amazon.com
KI;P;US;www.amazon.com
KI;D;US;www.amazon.com
KM;P;US;www.amazon.com
KM;D;US;www.amazon.com
KN;P;US;www.amazon.com
KN;D;US;www.amazon.com
KP;P;US;www.amazon.com
KP;D;US;www.amazon.com
KP;P;US;www.amazon.com
KP;D;US;www.amazon.com
KR;P;US;www.amazon.com
KR;D;US;www.amazon.com
KR;P;US;www.amazon.com
KR;D;US;www.amazon.com
KW;P;US;www.amazon.com
KW;D;US;www.amazon.com
KY;P;US;www.amazon.com
KY;D;US;www.amazon.com
KZ;P;US;www.amazon.com
KZ;D;US;www.amazon.com
LA;P;US;www.amazon.com
LA;D;US;www.amazon.com
LB;P;US;www.amazon.com
LB;D;US;www.amazon.com
LC;P;US;www.amazon.com
LC;D;US;www.amazon.com
LI;P;DE;www.amazon.de
LI;D;DE;www.amazon.de
LK;P;US;www.amazon.com
LK;D;US;www.amazon.com
LR;P;US;www.amazon.com
LR;D;US;www.amazon.com
LS;P;US;www.amazon.com
LS;D;US;www.amazon.com
LT;P;GB;www.amazon.co.uk
LT;D;GB;www.amazon.co.uk
LU;P;DE;www.amazon.de
LU;D;DE;www.amazon.de
LV;P;GB;www.amazon.co.uk
LV;D;GB;www.amazon.co.uk
LY;P;US;www.amazon.com
LY;D;US;www.amazon.com
MA;P;US;www.amazon.com
MA;D;US;www.amazon.com
MC;P;US;www.amazon.com
MC;D;US;www.amazon.com
MD;P;US;www.amazon.com
MD;D;US;www.amazon.com
ME;P;US;www.amazon.com
ME;D;US;www.amazon.com
MF;P;US;www.amazon.com
MF;D;US;www.amazon.com
MG;P;US;www.amazon.com
MG;D;US;www.amazon.com
MH;P;US;www.amazon.com
MH;D;US;www.amazon.com
MK;P;US;www.amazon.com
MK;D;US;www.amazon.com
MK;P;US;www.amazon.com
MK;D;US;www.amazon.com
ML;P;US;www.amazon.com
ML;D;US;www.amazon.com
MM;P;US;www.amazon.com
MM;D;US;www.amazon.com
MM;P;US;www.amazon.com
MM;D;US;www.amazon.com
MN;P;US;www.amazon.com
MN;D;US;www.amazon.com
MO;P;US;www.amazon.com
MO;D;US;www.amazon.com
MP;P;US;www.amazon.com
MP;D;US;www.amazon.com
MQ;P;US;www.amazon.com
MQ;D;US;www.amazon.com
MR;P;US;www.amazon.com
MR;D;US;www.amazon.com
MS;P;US;www.amazon.com
MS;D;US;www.amazon.com
MT;P;GB;www.amazon.co.uk
MT;D;GB;www.amazon.co.uk
MU;P;US;www.amazon.com
MU;D;US;www.amazon.com
MV;P;US;www.amazon.com
MV;D;US;www.amazon.com
MW;P;US;www.amazon.com
MW;D;US;www.amazon.com
MX;P;MX;www.amazon.com.mx
MX;D;MX;www.amazon.com.mx
MY;P;US;www.amazon.com
MY;D;US;www.amazon.com
MZ;P;US;www.amazon.com
MZ;D;US;www.amazon.com
NA;P;US;www.amazon.com
NA;D;US;www.amazon.com
NC;P;US;www.amazon.com
NC;D;US;www.amazon.com
NE;P;US;www.amazon.com
NE;D;US;www.amazon.com
NF;P;US;www.amazon.com
NF;D;US;www.amazon.com
NG;P;US;www.amazon.com
NG;D;US;www.amazon.com
NI;P;US;www.amazon.com
NI;D;US;www.amazon.com
NL;P;DE;www.amazon.de
NL;D;NL;www.amazon.nl
NO;P;GB;www.amazon.co.uk
NO;D;GB;www.amazon.co.uk
NP;P;US;www.amazon.com
NP;D;US;www.amazon.com
NR;P;US;www.amazon.com
NR;D;US;www.amazon.com
NU;P;US;www.amazon.com
NU;D;US;www.amazon.com
NZ;P;US;www.amazon.com
NZ;D;US;www.amazon.com
OM;P;US;www.amazon.com
OM;D;US;www.amazon.com
PA;P;US;www.amazon.com
PA;D;US;www.amazon.com
PE;P;US;www.amazon.com
PE;D;US;www.amazon.com
PF;P;US;www.amazon.com
PF;D;US;www.amazon.com
PG;P;US;www.amazon.com
PG;D;US;www.amazon.com
PH;P;US;www.amazon.com
PH;D;US;www.amazon.com
PK;P;US;www.amazon.com
PK;D;US;www.amazon.com
PL;P;GB;www.amazon.co.uk
PL;D;GB;www.amazon.co.uk
PM;P;US;www.amazon.com
PM;D;US;www.amazon.com
PN;P;US;www.amazon.com
PN;D;US;www.amazon.com
PN;P;US;www.amazon.com
PN;D;US;www.amazon.com
PR;P;US;www.amazon.com
PR;D;US;www.amazon.com
PS;P;US;www.amazon.com
PS;D;US;www.amazon.com
PS;P;US;www.amazon.com
PS;D;US;www.amazon.com
PS;P;US;www.amazon.com
PS;D;US;www.amazon.com
PT;P;ES;www.amazon.es
PT;D;ES;www.amazon.es
PW;P;US;www.amazon.com
PW;D;US;www.amazon.com
PY;P;US;www.amazon.com
PY;D;US;www.amazon.com
QA;P;US;www.amazon.com
QA;D;US;www.amazon.com
RE;P;US;www.amazon.com
RE;D;US;www.amazon.com
RO;P;IT;www.amazon.it
RO;D;IT;www.amazon.it
RS;P;US;www.amazon.com
RS;D;US;www.amazon.com
RU;P;GB;www.amazon.co.uk
RU;D;GB;www.amazon.co.uk
RW;P;US;www.amazon.com
RW;D;US;www.amazon.com
SA;P;GB;www.amazon.co.uk
SA;D;GB;www.amazon.co.uk
SB;P;US;www.amazon.com
SB;D;US;www.amazon.com
SC;P;US;www.amazon.com
SC;D;US;www.amazon.com
SD;P;US;www.amazon.com
SD;D;US;www.amazon.com
SE;P;GB;www.amazon.co.uk
SE;D;GB;www.amazon.co.uk
SG;P;US;www.amazon.com
SG;D;US;www.amazon.com
SH;P;US;www.amazon.com
SH;D;US;www.amazon.com
SI;P;GB;www.amazon.co.uk
SI;D;GB;www.amazon.co.uk
SJ;P;US;www.amazon.com
SJ;D;US;www.amazon.com
SK;P;GB;www.amazon.co.uk
SK;D;GB;www.amazon.co.uk
SL;P;US;www.amazon.com
SL;D;US;www.amazon.com
SM;P;US;www.amazon.com
SM;D;US;www.amazon.com
SN;P;US;www.amazon.com
SN;D;US;www.amazon.com
SO;P;US;www.amazon.com
SO;D;US;www.amazon.com
SR;P;US;www.amazon.com
SR;D;US;www.amazon.com
SS;P;US;www.amazon.com
SS;D;US;www.amazon.com
ST;P;US;www.amazon.com
ST;D;US;www.amazon.com
ST;P;US;www.amazon.com
ST;D;US;www.amazon.com
SV;P;US;www.amazon.com
SV;D;US;www.amazon.com
SX;P;US;www.amazon.com
SX;D;US;www.amazon.com
SY;P;US;www.amazon.com
SY;D;US;www.amazon.com
SZ;P;US;www.amazon.com
SZ;D;US;www.amazon.com
TC;P;US;www.amazon.com
TC;D;US;www.amazon.com
TD;P;US;www.amazon.com
TD;D;US;www.amazon.com
TF;P;US;www.amazon.com
TF;D;US;www.amazon.com
TG;P;US;www.amazon.com
TG;D;US;www.amazon.com
TH;P;US;www.amazon.com
TH;D;US;www.amazon.com
TJ;P;US;www.amazon.com
TJ;D;US;www.amazon.com
TK;P;US;www.amazon.com
TK;D;US;www.amazon.com
TL;P;US;www.amazon.com
TL;D;US;www.amazon.com
TM;P;US;www.amazon.com
TM;D;US;www.amazon.com
TN;P;US;www.amazon.com
TN;D;US;www.amazon.com
TO;P;US;www.amazon.com
TO;D;US;www.amazon.com
TR;P;GB;www.amazon.co.uk
TR;D;GB;www.amazon.co.uk
TT;P;US;www.amazon.com
TT;D;US;www.amazon.com
TV;P;US;www.amazon.com
TV;D;US;www.amazon.com
TW;P;US;www.amazon.com
TW;D;US;www.amazon.com
TZ;P;US;www.amazon.com
TZ;D;US;www.amazon.com
UA;P;GB;www.amazon.co.uk
UA;D;GB;www.amazon.co.uk
UG;P;US;www.amazon.com
UG;D;US;www.amazon.com
UM;P;US;www.amazon.com
UM;D;US;www.amazon.com
US;P;US;www.amazon.com
US;D;US;www.amazon.com
UY;P;US;www.amazon.com
UY;D;US;www.amazon.com
UZ;P;US;www.amazon.com
UZ;D;US;www.amazon.com
VA;P;IT;www.amazon.it
VA;D;IT;www.amazon.it
VA;P;IT;www.amazon.it
VA;D;IT;www.amazon.it
VC;P;US;www.amazon.com
VC;D;US;www.amazon.com
VE;P;US;www.amazon.com
VE;D;US;www.amazon.com
VG;P;US;www.amazon.com
VG;D;US;www.amazon.com
VG;P;US;www.amazon.com
VG;D;US;www.amazon.com
VI;P;US;www.amazon.com
VI;D;US;www.amazon.com
VI;P;US;www.amazon.com
VI;D;US;www.amazon.com
VN;P;US;www.amazon.com
VN;D;US;www.amazon.com
VU;P;US;www.amazon.com
VU;D;US;www.amazon.com
WF;P;US;www.amazon.com
WF;D;US;www.amazon.com
WS;P;US;www.amazon.com
WS;D;US;www.amazon.com
YE;P;US;www.amazon.com
YE;D;US;www.amazon.com
YT;P;US;www.amazon.com
YT;D;US;www.amazon.com
ZA;P;US;www.amazon.com
ZA;D;US;www.amazon.com
ZM;P;US;www.amazon.com
ZM;D;US;www.amazon.com
ZW;P;US;www.amazon.com
ZW;D;US;www.amazon.com
